{
  "transform_matrix": [
    [
      98.28399125127392,
      29.80480828688738,
      204.60764639976665
    ],
    [
      -5.278434013272571,
      -81.91613027506233,
      537.3975676250639
    ],
    [
      0.0,
      0.0,
      1.0
    ]
  ],
  "transform_source": "wall_affine",
  "marker_positions_real_cm": {
    "0": [
      329.94137349607695,
      0.0
    ],
    "4": [
      134.0895456834252,
      800.0
    ],
    "6": [
      400.0,
      508.8512859102477
    ],
    "7": [
      0.0,
      365.4258644681217
    ]
  },
  "marker_positions_slam": {
    "0": [
      -0.676344,
      6.187877
    ],
    "4": [
      0.306851,
      -3.601755
    ],
    "6": [
      1.864614,
      0.669581
    ],
    "7": [
      -2.816578,
      2.631884
    ]
  },
  "scale_cm_per_slam_unit": 87.09271504881848,
  "validation_error_cm": 33.2020978173651,
  "source": "photo",
  "timestamp": "2026-05-28T17:06:33.987937",
  "markers_used": [
    0,
    4,
    6,
    7
  ]
}